1509;POW_v4_4_11_fla.MainTimeline_Level2
1508;POW_v4_4_11_fla.MainTimeline_Level1
1507;POW_v4_4_11_fla.MainTimeline_Level3
1506;POW_v4_4_11_fla.selectMode_22
1486;POW_v4_4_11_fla.sylveon_fuck_30
1412;POW_v4_4_11_fla.brand_intro_19
1320;showcasePokemon
339;POW_v4_4_11_fla.bubble_mirrored_114
254;POW_v4_4_11_fla.heart_container_106
167;POW_v4_4_11_fla.bubble_80
131;lightingTimer
130;afterSexCum
119;cumDrip1
108;cumDrip2
97;cumShoot1
85;cumShoot2
66;cumShoot3
56;cumShoot4
48;cumSquirt1
38;cumSquirt2
29;cry_flareon
28;cry_glaceon
27;cry_sylveon
26;cry_liepard
25;cry_absol
24;cry_delcatty
23;cry_umbreon
22;cry_ninetales
21;cum8
20;cum6
19;cum5
18;cum7
17;cum4
16;cum2
15;musicBedroom
14;uiButton1
13;uiButton2
12;uiChoose
11;cum1
10;cum3
9;lvl_up
8;uiPokeballOut
7;uiPokeballReturn
6;musicScene
5;musicEvolve
4;uiSelect
3;musicShowcase
2;thrust4
1;musicTitle
0;POW_v4_4_11_fla.MainTimeline
2171;POW_v4_4_11_fla.close_eyes_anim_420
2168;POW_v4_4_11_fla.twoFrameTimer_419
2167;POW_v4_4_11_fla.pokedex_container_374
2160;POW_v4_4_11_fla.loading_416
1975;POW_v4_4_11_fla.sound_387
1973;POW_v4_4_11_fla.music_386
1961;POW_v4_4_11_fla.plate_container_382
1936;POW_v4_4_11_fla.starter_showcase_layout_48
1916;POW_v4_4_11_fla.scenes_343
1915;POW_v4_4_11_fla.latias_vaginal_layout_352
1853;POW_v4_4_11_fla.heart_container3_364
1852;POW_v4_4_11_fla.heart_container2_363
1851;POW_v4_4_11_fla.heart_container1_362
1780;POW_v4_4_11_fla.lucario_oral_layout_344
1706;POW_v4_4_11_fla.showcase_selection_table_316
1589;POW_v4_4_11_fla.pokemon_name_298
2889;POW_v4_4_11_fla.level_up_613
2888;POW_v4_4_11_fla.level_up_txt_614
2878;POW_v4_4_11_fla.missionary_container_556
2877;POW_v4_4_11_fla.delcatty_layout_612
2874;POW_v4_4_11_fla.absol_layout_597
2870;POW_v4_4_11_fla.pussy_610
2856;POW_v4_4_11_fla.head_609
2840;POW_v4_4_11_fla.torso_container_607
2783;POW_v4_4_11_fla.liepard_layout_557
2769;POW_v4_4_11_fla.penis_589
2763;POW_v4_4_11_fla.pussy_583
2759;POW_v4_4_11_fla.cum_overflow_587
2731;POW_v4_4_11_fla.cum_drip_marker_586
2730;POW_v4_4_11_fla.cum_creampie_container_585
2711;POW_v4_4_11_fla.head_581
2695;POW_v4_4_11_fla.blush_container_582
2686;POW_v4_4_11_fla.torso_container_579
2612;POW_v4_4_11_fla.cowgirl_container_464
2611;POW_v4_4_11_fla.eeveelutions_layout_465
2610;POW_v4_4_11_fla.cum_squirt_555
2535;POW_v4_4_11_fla.alert_543
2531;POW_v4_4_11_fla.facial_layout_sylveon_542
2530;POW_v4_4_11_fla.facial_layout_generic_508
2529;POW_v4_4_11_fla.mouth_537
2521;POW_v4_4_11_fla.mouth_541
2516;POW_v4_4_11_fla.glaceon_mouth_540
2510;POW_v4_4_11_fla.mouth_539
2497;POW_v4_4_11_fla.blush_530
2495;POW_v4_4_11_fla.blush_533
2494;POW_v4_4_11_fla.blush_532
2492;POW_v4_4_11_fla.eyes_eeveelutions_520
2490;POW_v4_4_11_fla.eyelid_529
2483;POW_v4_4_11_fla.glaceon_eyelid_528
2476;POW_v4_4_11_fla.eyelid_527
2391;POW_v4_4_11_fla.internal_view_mask_495
2367;POW_v4_4_11_fla.chest_breath_485
2362;POW_v4_4_11_fla.abdomen_484
2332;POW_v4_4_11_fla.cum_spill_477
2297;POW_v4_4_11_fla.tail_470
2295;POW_v4_4_11_fla.glaceon_tail_469
2293;POW_v4_4_11_fla.tail_467
2290;POW_v4_4_11_fla.blackout_anim_463
2289;POW_v4_4_11_fla.background_layout_423
2288;POW_v4_4_11_fla.bed_sheet_429
2287;POW_v4_4_11_fla.after_sex_layouts_431
2233;POW_v4_4_11_fla.cum_puddle_443
2190;POW_v4_4_11_fla.cum_pussy_435
2176;POW_v4_4_11_fla.minute_hand_loop_425
